doc_title,volume
THE GOLDEN BIRD,1
HANS IN LUCK,1
JORINDA AND JORINDEL,1
THE TRAVELLING MUSICIANS,1
OLD SULTAN,1
"THE STRAW, THE COAL, AND THE BEAN",1
BRIAR ROSE,1
THE DOG AND THE SPARROW,1
THE TWELVE DANCING PRINCESSES,2
THE FISHERMAN AND HIS WIFE,1
THE WILLOW-WREN AND THE BEAR,1
THE FROG-PRINCE,1
CAT AND MOUSE IN PARTNERSHIP,1
THE GOOSE-GIRL,2
THE ADVENTURES OF CHANTICLEER AND PARTLET,1
RAPUNZEL,1
FUNDEVOGEL,1
THE VALIANT LITTLE TAILOR,1
HANSEL AND GRETEL,1
"THE MOUSE, THE BIRD, AND THE SAUSAGE",1
MOTHER HOLLE,1
THE ROBBER BRIDEGROOM,1
TOM THUMB,1
RUMPELSTILTSKIN,1
CLEVER GRETEL,1
THE OLD MAN AND HIS GRANDSON,1
THE LITTLE PEASANT,2
FREDERICK AND CATHERINE,1
SWEETHEART ROLAND,1
SNOWDROP,1
THE PINK,2
CLEVER ELSIE,1
THE MISER IN THE BUSH,1
ASHPUTTEL,1
THE WHITE SNAKE,1
THE WOLF AND THE SEVEN LITTLE KIDS,1
THE QUEEN BEE,1
THE ELVES AND THE SHOEMAKER,1
THE JUNIPER-TREE,1
THE TURNIP,1
CLEVER HANS,1
THE THREE LANGUAGES,1
THE FOX AND THE CAT,1
THE FOUR CLEVER BROTHERS,2
LILY AND THE LION,1
THE FOX AND THE HORSE,1
THE BLUE LIGHT,2
THE RAVEN,2
THE GOLDEN GOOSE,1
THE WATER OF LIFE,2
THE TWELVE HUNTSMEN,2
THE KING OF THE GOLDEN MOUNTAIN,2
DOCTOR KNOWALL,2
THE SEVEN RAVENS,1
THE WEDDING OF MRS. FOX - PART I,1
THE WEDDING OF MRS. FOX - PART II,1
THE SALAD,2
THE STORY OF THE YOUTH WHO WENT FORTH TO LEARN WHAT FEAR WAS,1
KING GRISLY-BEARD,1
IRON HANS,2
CAT-SKIN,1
SNOW-WHITE AND ROSE-RED,2
